{
  "project_info": {
    "project_number": "35801626656",
    "firebase_url": "https://myapplication-77233.firebaseio.com",
    "project_id": "myapplication-77233",
    "storage_bucket": "myapplication-77233.appspot.com"
  },
  "client": [
    {
      "client_info": {
        "mobilesdk_app_id": "1:35801626656:android:f515085f01f20f86",
        "android_client_info": {
          "package_name": "com.example.admin.myapplication"
        }
      },
      "oauth_client": [
        {
          "client_id": "35801626656-0t5vlcguamkfgf1apkmbdc7ehl3ka57p.apps.googleusercontent.com",
          "client_type": 1,
          "android_info": {
            "package_name": "com.example.admin.myapplication",
            "certificate_hash": "535ba6b8153599206ea43dfbc1988b71055e6521"
          }
        },
        {
          "client_id": "35801626656-4ktr7u9bn39jdt02jruh55b1tdibpseq.apps.googleusercontent.com",
          "client_type": 3
        }
      ],
      "api_key": [
        {
          "current_key": "AIzaSyCMIAa8P7reIxcs7qY_s66ydMLg4SVD_Hs"
        }
      ],
      "services": {
        "analytics_service": {
          "status": 1
        },
        "appinvite_service": {
          "status": 2,
          "other_platform_oauth_client": [
            {
              "client_id": "35801626656-4ktr7u9bn39jdt02jruh55b1tdibpseq.apps.googleusercontent.com",
              "client_type": 3
            }
          ]
        },
        "ads_service": {
          "status": 2
        }
      }
    },
    {
      "client_info": {
        "mobilesdk_app_id": "1:35801626656:android:3de7ae68d742fece",
        "android_client_info": {
          "package_name": "com.example.admin.loginapp"
        }
      },
      "oauth_client": [
        {
          "client_id": "35801626656-afv36qdi30d3u1tllt2t2cvf3i4jon6s.apps.googleusercontent.com",
          "client_type": 1,
          "android_info": {
            "package_name": "com.example.admin.loginapp",
            "certificate_hash": "535ba6b8153599206ea43dfbc1988b71055e6521"
          }
        },
        {
          "client_id": "35801626656-4ktr7u9bn39jdt02jruh55b1tdibpseq.apps.googleusercontent.com",
          "client_type": 3
        }
      ],
      "api_key": [
        {
          "current_key": "AIzaSyCMIAa8P7reIxcs7qY_s66ydMLg4SVD_Hs"
        }
      ],
      "services": {
        "analytics_service": {
          "status": 1
        },
        "appinvite_service": {
          "status": 2,
          "other_platform_oauth_client": [
            {
              "client_id": "35801626656-4ktr7u9bn39jdt02jruh55b1tdibpseq.apps.googleusercontent.com",
              "client_type": 3
            }
          ]
        },
        "ads_service": {
          "status": 2
        }
      }
    }
  ],
  "configuration_version": "1"
}